model,epochs,fold,operation_id,date,count,raw_MAE,raw_RMSE,raw_Bias,raw_Corr,primary_MAE,primary_RMSE,primary_Bias,primary_Corr,kalman_MAE,kalman_RMSE,kalman_Bias,kalman_Corr
wl_linear_regression,1,operation_01,1,2024-07-17,337,0.5000342869970849,0.6351329940416642,0.4565968598385593,0.6737173486240849,0.5000342869970849,0.6351329940416642,0.4565968598385593,0.6737173486240849,0.47922118403353725,0.6207739529205367,0.45891279304597676,0.706035025889048
wl_linear_regression,1,operation_02,2,2024-07-17,543,0.2645217994739118,0.3808273810330924,0.18742503250501433,0.25879034072657264,0.2645217994739118,0.3808273810330924,0.18742503250501433,0.25879034072657264,0.24516344959436231,0.35923372181521235,0.18686350445586322,0.28029014936062135
wl_linear_regression,1,operation_03,3,2024-07-18,630,0.1939450839209178,0.24820583042344446,-0.003063366905091301,0.16001535007172435,0.1939450839209178,0.24820583042344446,-0.003063366905091301,0.16001535007172435,0.13985198161428739,0.1774746433857594,-0.003406966052621199,0.25056777878809955
wl_linear_regression,1,operation_04,4,2024-07-18,653,0.1916364042536223,0.267181766126513,0.05422379704018282,0.161911262284616,0.1916364042536223,0.267181766126513,0.05422379704018282,0.161911262284616,0.13001698903607298,0.1660127171087215,0.05407865502352976,0.29569281068394226
wl_linear_regression,1,operation_05,5,2024-07-18,123,0.3027927080790202,0.4029289612832994,0.08133858393847458,0.44768240628760947,0.3027927080790202,0.4029289612832994,0.08133858393847458,0.44768240628760947,0.21032455625279708,0.2761062671550479,0.08244590233858091,0.6366837257999365
wl_linear_regression,1,operation_06,6,2024-07-18,442,0.3597135430547447,0.4983186022664804,-0.24798860107611748,0.007284026260303089,0.3597135430547447,0.4983186022664804,-0.24798860107611748,0.007284026260303089,0.2928636087064858,0.4253795319277979,-0.24680706026326743,0.0023232634340465607
wl_linear_regression,1,operation_07,7,2024-07-18,642,0.18331665859044155,0.234798808219713,-0.022010045630909573,0.07856660295382312,0.18331665859044155,0.234798808219713,-0.022010045630909573,0.07856660295382312,0.1476019437825128,0.18087657033942256,-0.021837219824623808,0.11447265742039897
wl_linear_regression,1,operation_08,8,2024-07-18,460,0.23772390562555065,0.2783220406275991,-0.05991073535836261,0.5952312325986496,0.23772390562555065,0.2783220406275991,-0.05991073535836261,0.5952312325986496,0.21675709231406848,0.24802505851655665,-0.059138219994577294,0.6885918792311281
wl_linear_regression,1,operation_09,9,2024-07-18,577,0.2016383923938824,0.2888284236442488,0.12735285544106204,0.1899478706709763,0.2016383923938824,0.2888284236442488,0.12735285544106204,0.1899478706709763,0.17644108237899522,0.23655533416918575,0.12695270403460385,0.28658133631054417
wl_linear_regression,1,operation_10,10,2024-07-18,438,0.20990277643073096,0.40527073744207764,0.0676741883090642,0.2115828590856833,0.20990277643073096,0.40527073744207764,0.0676741883090642,0.2115828590856833,0.1681688234584695,0.3539496190249331,0.06835149057407765,0.2256708499799862
wl_linear_regression,1,operation_11,11,2024-07-18,323,0.26708538761079864,0.3407884125308403,0.22135780248848647,0.06930294179313598,0.26708538761079864,0.3407884125308403,0.22135780248848647,0.06930294179313598,0.25834861152070376,0.3201150972717388,0.22256491065899076,0.08720456520295448
wl_linear_regression,1,operation_12,12,2024-07-18,349,0.4383149505686282,0.6825131514337122,0.22439604194936233,0.6350504131263887,0.4383149505686282,0.6825131514337122,0.22439604194936233,0.6350504131263887,0.4245654068445169,0.6140384404747103,0.22591511451718152,0.6932161186362127
wl_linear_regression,1,operation_13,13,2024-07-18,305,0.1170596646480873,0.15539275520927445,0.01631250928659908,0.21926229562925573,0.1170596646480873,0.15539275520927445,0.01631250928659908,0.21926229562925573,0.0836984102753729,0.11608798497003185,0.017309022977840947,0.3260965154148775
wl_linear_regression,1,operation_14,14,2024-07-19,310,0.3020885044528592,0.3938178726322634,0.024117310585514192,0.42015204986564914,0.3020885044528592,0.3938178726322634,0.024117310585514192,0.42015204986564914,0.2398393968797281,0.3157409978850059,0.021993725103334555,0.5090775801063583
wl_linear_regression,1,operation_15,15,2024-07-19,487,0.23274777508369462,0.2779124063700395,-0.1090132911102483,0.5199168811790066,0.23274777508369462,0.2779124063700395,-0.1090132911102483,0.5199168811790066,0.19202102664890805,0.22975813754118504,-0.10900212765895997,0.636958044296963
wl_linear_regression,1,operation_16,16,2024-07-19,382,0.277266307026928,0.42157201378493,0.05200473113833922,0.1242658196624026,0.277266307026928,0.42157201378493,0.05200473113833922,0.1242658196624026,0.16940045239825466,0.22856508778681345,0.05295777165961211,0.3075923211417554
wl_linear_regression,1,operation_17,17,2024-07-19,602,0.27195911668859846,0.393265508588032,0.08445193244769328,0.4558297378309497,0.27195911668859846,0.393265508588032,0.08445193244769328,0.4558297378309497,0.23367542694496088,0.3261882267217867,0.0840238979198247,0.5314862645864152
wl_linear_regression,1,operation_18,18,2024-07-19,397,0.2618982227383092,0.3046131643335005,-0.2158599566452449,-0.2547979296147627,0.2618982227383092,0.3046131643335005,-0.2158599566452449,-0.2547979296147627,0.2321568490549355,0.27114022388457043,-0.21423770853784044,-0.39208354787612376
wl_mlp,22,operation_01,1,2024-07-17,337,0.14248854823919008,0.19628389234822047,0.05537609601233055,0.6466528124705181,0.14248854823919008,0.19628389234822047,0.05537609601233055,0.6466528124705181,0.14139901774683553,0.189628125385769,0.05642883984898479,0.6693139130597618
wl_mlp,22,operation_02,2,2024-07-17,543,0.03714986444617284,0.052127843275273825,0.009072552728389508,0.6471411760506427,0.03714986444617284,0.052127843275273825,0.009072552728389508,0.6471411760506427,0.03632322787909432,0.050193338350345375,0.009053596461044717,0.6691982017087281
wl_mlp,22,operation_03,3,2024-07-18,630,0.033536833430093435,0.055524719906088496,-0.029339386546422565,0.6877014264839553,0.033536833430093435,0.055524719906088496,-0.029339386546422565,0.6877014264839553,0.03298450936434911,0.054825058149914785,-0.029406154494476054,0.7096730092992573
wl_mlp,22,operation_04,4,2024-07-18,653,0.04603535986603858,0.06563557764214269,0.03288062681282826,0.1525656444135121,0.04603535986603858,0.06563557764214269,0.03288062681282826,0.1525656444135121,0.04518033180578541,0.06133231536932891,0.03285007582681248,0.17638858681072195
wl_mlp,22,operation_05,5,2024-07-18,123,0.07466747896458076,0.08322541559412083,-0.06135708529774735,0.7821423807235052,0.07466747896458076,0.08322541559412083,-0.06135708529774735,0.7821423807235052,0.06999221800561216,0.07782896169474231,-0.06149191217052718,0.8895098368938041
wl_mlp,22,operation_06,6,2024-07-18,442,0.048428667077111985,0.06278393533529111,0.0413047199335573,0.7803215465138669,0.048428667077111985,0.06278393533529111,0.0413047199335573,0.7803215465138669,0.04577110938518088,0.058597490114790006,0.04140327738662082,0.8290609746621496
wl_mlp,22,operation_07,7,2024-07-18,642,0.030305050615209658,0.03834786322075231,-0.016502783677288305,0.651809448165969,0.030305050615209658,0.03834786322075231,-0.016502783677288305,0.651809448165969,0.03122813957922894,0.03908998637105433,-0.01649477967672064,0.637249044590928
wl_mlp,22,operation_08,8,2024-07-18,460,0.028408341822416885,0.03642117698763571,-0.004187162026115086,0.6804887382097266,0.028408341822416885,0.03642117698763571,-0.004187162026115086,0.6804887382097266,0.02810359194772239,0.034359265648749464,-0.004138869806967609,0.7083490456495298
wl_mlp,22,operation_09,9,2024-07-18,577,0.03154835420010201,0.04297276734376875,0.00993363737440192,0.6404174174796327,0.03154835420010201,0.04297276734376875,0.00993363737440192,0.6404174174796327,0.03029835414273909,0.039763372490080065,0.01002476940237366,0.6804357471126379
wl_mlp,22,operation_10,10,2024-07-18,438,0.032486884561303546,0.06727373366007537,0.016941765671995675,0.5542208350360345,0.032486884561303546,0.06727373366007537,0.016941765671995675,0.5542208350360345,0.03214145728604228,0.0627198727554915,0.016941219083835182,0.5792156894503633
wl_mlp,22,operation_11,11,2024-07-18,323,0.04062921934452588,0.04710119465489538,0.032594222402425,0.8049327132374046,0.04062921934452588,0.04710119465489538,0.032594222402425,0.8049327132374046,0.042815160801564146,0.04911535075714349,0.032748097531869524,0.767271652770141
wl_mlp,22,operation_12,12,2024-07-18,349,0.09096348046573322,0.10851430662445107,-0.02807716995392283,0.7782177745972599,0.09096348046573322,0.10851430662445107,-0.02807716995392283,0.7782177745972599,0.08688359586885837,0.0970917246726004,-0.028234076097410233,0.8341375725368331
wl_mlp,22,operation_13,13,2024-07-18,305,0.03625980517903312,0.04021845198036562,-0.03508462827713763,0.7521790611170996,0.03625980517903312,0.04021845198036562,-0.03508462827713763,0.7521790611170996,0.03569582891197682,0.039665330553613515,-0.03498245125222521,0.7640637880227036
wl_mlp,22,operation_14,14,2024-07-19,310,0.059544629435385424,0.09961636607349755,-0.0009219646453857422,0.3260932697625909,0.059544629435385424,0.09961636607349755,-0.0009219646453857422,0.3260932697625909,0.057378836027497514,0.092553618235725,-0.0011552139691198286,0.34458013819317285
wl_mlp,22,operation_15,15,2024-07-19,487,0.057499967806148335,0.06235757773289273,0.05745228017380105,0.8193437858284393,0.057499967806148335,0.06235757773289273,0.05745228017380105,0.8193437858284393,0.057532486810363916,0.060818555162452416,0.057532486810363916,0.871647619996564
wl_mlp,22,operation_16,16,2024-07-19,382,0.05000084482562479,0.059359723897341676,-0.03520773093737857,0.2671111132918188,0.05000084482562479,0.059359723897341676,-0.03520773093737857,0.2671111132918188,0.04167232325844554,0.04882311367441664,-0.03485715727304863,0.3823914088662798
wl_mlp,22,operation_17,17,2024-07-19,602,0.06856358328530955,0.08454366775433839,0.06820209953079984,0.31820209392023036,0.06856358328530955,0.08454366775433839,0.06820209953079984,0.31820209392023036,0.06805589421732548,0.08228359490089068,0.06805589421732548,0.3261423852617479
wl_mlp,22,operation_18,18,2024-07-19,397,0.02287994283873128,0.030894020099373313,-0.009104093316219915,0.05430155829558704,0.02287994283873128,0.030894020099373313,-0.009104093316219915,0.05430155829558704,0.019473932574796512,0.025568177374387394,-0.00867952392575906,0.045159486553264065
wl_random_forest,1,operation_01,1,2024-07-17,337,0.018918500057781628,0.027573505493260417,0.002940661190842852,0.9728919751984921,0.01918155497492898,0.02689612322273125,0.0032467854899738756,0.9774303906396341,0.019181658802770448,0.02689619372956606,0.0032468054760619583,0.9774303841688743
wl_random_forest,1,operation_02,2,2024-07-17,543,0.02496643682948199,0.030795700530383927,0.014643608267947606,0.9206686319106865,0.025539306811698928,0.03147019964081072,0.014668842025896352,0.917380689968927,0.025539391203867633,0.031470335726549344,0.014668846467879536,0.917379657637454
wl_random_forest,1,operation_03,3,2024-07-18,630,0.02172023361902196,0.030776559152725577,-0.018158705105545136,0.9219843827051403,0.021124630376105315,0.030193964570186086,-0.01825608759357173,0.9282923064322469,0.021124600318864487,0.030193967648271883,-0.01825609502976913,0.9282924100681069
wl_random_forest,1,operation_04,4,2024-07-18,653,0.016696102608062174,0.023424790955097776,-0.007260867065276287,0.848611950595555,0.016543208191523124,0.02259517401920422,-0.007232143146149235,0.8574518940158686,0.016543256104756363,0.022595156209785756,-0.007232141555723004,0.8574519600690037
wl_random_forest,1,operation_05,5,2024-07-18,123,0.01894784846195245,0.02356080594194881,-0.01706534178887167,0.9843885066391348,0.019427502727234106,0.02586226151001279,-0.017817503740261288,0.978553255185327,0.019427518227157985,0.02586259009331397,-0.017817523552977606,0.9785520461002121
wl_random_forest,1,operation_06,6,2024-07-18,442,0.013691570960263673,0.019004007183843853,-0.0022010106593601617,0.9374322440696251,0.01322490650993362,0.017746903158777066,-0.0019847088315025113,0.9446528067675798,0.013224899108591384,0.017746825528218588,-0.0019847165570734647,0.9446532508661726
wl_random_forest,1,operation_07,7,2024-07-18,642,0.011589235209708273,0.016717477406885926,0.005350995116829496,0.8967842009870584,0.011934718493106835,0.017140600791712864,0.00535611032365235,0.8916876334961132,0.011934790324804902,0.017140686450263266,0.005356112950655635,0.8916863073545047
wl_random_forest,1,operation_08,8,2024-07-18,460,0.018772282007596404,0.03243245505653778,0.012375539227254142,0.7080650578263086,0.018714724545155006,0.032253940417964186,0.012496530045004154,0.7080735082490576,0.01871475162259307,0.03225393346187235,0.012496526223849964,0.7080732655476007
wl_random_forest,1,operation_09,9,2024-07-18,577,0.0129872779576619,0.021273408715558762,0.0009425517082689081,0.9004772031833217,0.012836115922609984,0.02088721243515937,0.0009325512186693536,0.9049702095064672,0.012836148748833025,0.020887234926617787,0.0009325578372845315,0.9049700461026732
wl_random_forest,1,operation_10,10,2024-07-18,438,0.016062808518732204,0.029216152025301867,9.924858702301014e-05,0.8313636293814753,0.016209001731041273,0.028571864038336257,0.00010518420668500795,0.8277787978017058,0.016209090546591764,0.028571907264528528,0.00010519256579293028,0.8277773945210511
wl_random_forest,1,operation_11,11,2024-07-18,323,0.01246912425173408,0.022276299249667564,-0.0036665994879282685,0.9219631724495692,0.012263198130286642,0.021945530298427322,-0.0036259502766794374,0.9238880336405292,0.012263299848710833,0.021945614775226985,-0.0036259423389740164,0.9238873933581078
wl_random_forest,1,operation_12,12,2024-07-18,349,0.018883007554073204,0.02428605852679911,-0.015393547193846873,0.9534145250950018,0.01852093683380521,0.023361018828294104,-0.015244773882126908,0.9596334234395651,0.018520976803413757,0.023360999276056383,-0.015244770372211967,0.959633595998611
wl_random_forest,1,operation_13,13,2024-07-18,305,0.008469822267333244,0.011410245570102352,-0.004662497609328453,0.9213691395875947,0.008457797816401793,0.011042479843114888,-0.00467854431019632,0.9244110792380478,0.00845782975191701,0.011042502080653029,-0.004678544705249461,0.9244104987527315
wl_random_forest,1,operation_14,14,2024-07-19,310,0.01149737241886298,0.015041438452490511,-0.00493403069036114,0.8755919234300726,0.01095839841248469,0.014078708591345942,-0.004925885226596971,0.8951010703299321,0.010958360492642216,0.014078655782660493,-0.00492588676350857,0.8951021975844595
wl_random_forest,1,operation_15,15,2024-07-19,487,0.010162169766336788,0.014002447980334655,-0.003780545394301186,0.9323488224668328,0.010186477777314596,0.01395059806691614,-0.0038105027519394004,0.9341685561996208,0.010186499184848201,0.01395061079592057,-0.003810515358587379,0.9341685136237433
wl_random_forest,1,operation_16,16,2024-07-19,382,0.01754123559578944,0.02352842381140635,0.009368361784898778,0.7118440926354985,0.01701931331088101,0.022735281047921715,0.009428735217920455,0.722472755470756,0.017019276038054844,0.02273522623829172,0.009428735720342283,0.7224733760294879
wl_random_forest,1,operation_17,17,2024-07-19,602,0.012256940489363797,0.018287795184131938,0.005616462188712492,0.8105812482329443,0.011940585351883568,0.017707738956330866,0.005597887145147687,0.8210015045619791,0.011940587618740464,0.017707715982019197,0.005597878730381218,0.8210017976774169
wl_random_forest,1,operation_18,18,2024-07-19,397,0.012845166541228588,0.016416695560580556,0.009574842032641116,0.628355974007928,0.012099058353684404,0.015469637896456334,0.009608303425794891,0.6622929491973351,0.012099016214935495,0.015469566240663238,0.00960830968731236,0.6622957203009149
wl_hgrn,36,operation_01,1,2024-07-17,337,0.07060104803090987,0.08066508724641559,-0.05117735098660523,0.8863256511413932,0.07060104803090987,0.08066508724641559,-0.05117735098660523,0.8863256511413932,0.07156082392576693,0.08079486727025582,-0.05090544422246399,0.8929945251036174
wl_hgrn,36,operation_02,2,2024-07-17,543,0.03327441566776395,0.04044414690146379,0.018172778257787996,0.842402613251679,0.03327441566776395,0.04044414690146379,0.018172778257787996,0.842402613251679,0.03465706695259446,0.0433769963107242,0.018158477472356584,0.8035171015069255
wl_hgrn,36,operation_03,3,2024-07-18,630,0.022996917603507874,0.03462150609804495,-0.00904468506101578,0.8553572093226882,0.022996917603507874,0.03462150609804495,-0.00904468506101578,0.8553572093226882,0.023347496491864735,0.03737199859096454,-0.009154980901159617,0.8244498557033634
wl_hgrn,36,operation_04,4,2024-07-18,653,0.01862043297491614,0.02534280138758326,-0.0035684028409341574,0.7943030611791797,0.01862043297491614,0.02534280138758326,-0.0035684028409341574,0.7943030611791797,0.018215917511253992,0.025040268516856885,-0.003521869547874664,0.8012693290376891
wl_hgrn,36,operation_05,5,2024-07-18,123,0.036683786206129124,0.04484815870034521,-0.024525520278186334,0.9107574922271543,0.036683786206129124,0.04484815870034521,-0.024525520278186334,0.9107574922271543,0.0338631913755727,0.04437306829464835,-0.025752642535120593,0.9126787715679996
wl_hgrn,36,operation_06,6,2024-07-18,442,0.023446067425999705,0.03095123313107416,0.005574334800513082,0.8980142880851153,0.023446067425999705,0.03095123313107416,0.005574334800513082,0.8980142880851153,0.022784982819216128,0.028878818136868878,0.00547706448298907,0.9135814276411105
wl_hgrn,36,operation_07,7,2024-07-18,642,0.01808204829135788,0.023939939714716932,-0.005531833922008859,0.7776733127547178,0.01808204829135788,0.023939939714716932,-0.005531833922008859,0.7776733127547178,0.018405522714855346,0.024088305661963575,-0.005513893868994007,0.7719576401776626
wl_hgrn,36,operation_08,8,2024-07-18,460,0.021492942519809887,0.03138762886303899,0.01172045728434687,0.6888344101249886,0.021492942519809887,0.03138762886303899,0.01172045728434687,0.6888344101249886,0.021133247312036522,0.030329325169777363,0.011620869279787654,0.6949183116338806
wl_hgrn,36,operation_09,9,2024-07-18,577,0.02517005682404781,0.03312002007386944,0.016887826770802306,0.8381225646101823,0.02517005682404781,0.03312002007386944,0.016887826770802306,0.8381225646101823,0.026027805899349617,0.03387007402373423,0.01690073481227476,0.8297708966135405
wl_hgrn,36,operation_10,10,2024-07-18,438,0.021361854522739917,0.028395987118351677,-0.00041490330543692255,0.7602847656465644,0.021361854522739917,0.028395987118351677,-0.00041490330543692255,0.7602847656465644,0.022661658589156194,0.030892043636787977,-0.0004198620376906139,0.7073972688897773
wl_hgrn,36,operation_11,11,2024-07-18,323,0.02088317634889585,0.030091376077140835,0.006195683966480172,0.8655595698980562,0.02088317634889585,0.030091376077140835,0.006195683966480172,0.8655595698980562,0.024765092119786135,0.035885066190438485,0.006212704082583418,0.8025347886777836
wl_hgrn,36,operation_12,12,2024-07-18,349,0.03224472056828802,0.037110960385610674,-0.029629123928212164,0.9333187862644116,0.03224472056828802,0.037110960385610674,-0.029629123928212164,0.9333187862644116,0.03369047278667995,0.038033101223311695,-0.029700737771925424,0.924779689549073
wl_hgrn,36,operation_13,13,2024-07-18,305,0.02511556656634221,0.02863253761771469,-0.016369194280905802,0.8625815448370281,0.02511556656634221,0.02863253761771469,-0.016369194280905802,0.8625815448370281,0.02556100249099218,0.02897103297908732,-0.016066870964628416,0.8331137588571961
wl_hgrn,36,operation_14,14,2024-07-19,310,0.029392179366080993,0.036033532286720224,0.0019666964007962135,0.5354051940285924,0.029392179366080993,0.036033532286720224,0.0019666964007962135,0.5354051940285924,0.02822557319554963,0.034376070652335014,0.0018981096721087075,0.5517679150701577
wl_hgrn,36,operation_15,15,2024-07-19,487,0.019910781045713952,0.02506002329263531,0.009469261404425212,0.7685597388941976,0.019910781045713952,0.02506002329263531,0.009469261404425212,0.7685597388941976,0.018985241561245522,0.023556565231934355,0.00944555994845126,0.8012622152162198
wl_hgrn,36,operation_16,16,2024-07-19,382,0.03264654868560311,0.043285944832560916,0.02409253195318252,0.4486213680537301,0.03264654868560311,0.043285944832560916,0.02409253195318252,0.4486213680537301,0.029530997477989783,0.04041676179681922,0.024170904994772126,0.48885765649895996
wl_hgrn,36,operation_17,17,2024-07-19,602,0.03659456829692042,0.045691268949613964,0.03366286097174863,0.2827860674609549,0.03659456829692042,0.045691268949613964,0.03366286097174863,0.2827860674609549,0.03641484921895168,0.04490099866356083,0.033640006922147005,0.30481954116475574
wl_hgrn,36,operation_18,18,2024-07-19,397,0.013484435958285777,0.017838370378497042,-0.0008009903376889169,0.5368607181369089,0.013484435958285777,0.017838370378497042,-0.0008009903376889169,0.5368607181369089,0.011900304273408317,0.01564045764720855,-0.0007557552705420922,0.5936102879507145
